Datum,Tid,Lag 1,Lag 2,Arena
2026-01-30,20:00,Sundbybergs IK,Reymersholms IK,Skytteholms IP 2
2026-01-31,17:00,Sollentuna FK,IFK Stocksund,Sollentuna Fotbollshall 1
2026-02-01,12:30,Djurgårdens IF FF PA19,Huddinge IF,Kristinebergs IP 1
2026-02-08,20:00,IFK Aspudden-Tellus,Reymersholms IK,Hammarby IP 1
2026-03-14,13:00,Ängby IF Herrar,Kungsängens IF,Kungsängens IP 2
2026-03-15,16:00,Norrtulls SK,Spånga IS FK,Stadshagens IP 1
2026-03-22,16:00,Rinkeby United FC,Tyresö FF,Knutby BP 1
2026-03-29,16:00,Norrtulls SK,IK Frej Täby FF,Stadshagens IP 1
